{
  "usdt": 20.5664499481,
  "usdc": 9.42642716,
  "total": 29.9928771081,
  "timestamp": "2025-08-12T19:10:59.757726"
}